-- phpMyAdmin SQL Dump
-- version 4.3.11
-- http://www.phpmyadmin.net
--
-- Host: 127.0.0.1
-- Generation Time: Jun 24, 2017 at 12:07 PM
-- Server version: 5.6.24
-- PHP Version: 5.6.8

SET SQL_MODE = "NO_AUTO_VALUE_ON_ZERO";
SET time_zone = "+00:00";


/*!40101 SET @OLD_CHARACTER_SET_CLIENT=@@CHARACTER_SET_CLIENT */;
/*!40101 SET @OLD_CHARACTER_SET_RESULTS=@@CHARACTER_SET_RESULTS */;
/*!40101 SET @OLD_COLLATION_CONNECTION=@@COLLATION_CONNECTION */;
/*!40101 SET NAMES utf8 */;

--
-- Database: `lintasarta`
--

-- --------------------------------------------------------

--
-- Table structure for table `akses`
--

CREATE TABLE IF NOT EXISTS `akses` (
  `id_akses` int(11) NOT NULL,
  `user_id` int(11) NOT NULL,
  `batch_in` char(1) NOT NULL,
  `pengujian` char(1) NOT NULL,
  `repair` char(1) NOT NULL,
  `data_user` char(1) NOT NULL
) ENGINE=InnoDB DEFAULT CHARSET=latin1;

-- --------------------------------------------------------

--
-- Table structure for table `batch`
--

CREATE TABLE IF NOT EXISTS `batch` (
  `id_batch` int(11) NOT NULL,
  `noregis` char(18) NOT NULL,
  `nama_perangkat` varchar(255) NOT NULL,
  `kodespek` char(12) NOT NULL,
  `kategori` varchar(255) NOT NULL,
  `status_batch` varchar(11) NOT NULL,
  `tanggal` date NOT NULL,
  `pukul` time NOT NULL
) ENGINE=InnoDB AUTO_INCREMENT=125 DEFAULT CHARSET=latin1;

--
-- Dumping data for table `batch`
--

INSERT INTO `batch` (`id_batch`, `noregis`, `nama_perangkat`, `kodespek`, `kategori`, `status_batch`, `tanggal`, `pukul`) VALUES
(1, 'B2WS03VI010200001', '2W C-BAND BUC FOR IDIRECT REMOTE ( PN - NJT5667F )', 'B2WS03VI0102', '1', 'uji', '2017-03-27', '09:24:13'),
(2, 'B2WS030W020800001', 'BUC 10 WATT MITEC ', 'B2WS030W0208', '1', 'uji', '2017-03-27', '11:00:34'),
(3, 'B2WS038C010700001', 'BUC 2 WATT KU BAND AMPLUS TYPE CONNECTOR N(WR137 WITH FLANGE)', 'B2WS038C0107', '1', 'uji', '2017-03-27', '11:00:58'),
(4, 'B2WS033I010400001', 'BUC NJRC (C BAND, 5 WATT, IN-N CONNECTOR, OUT WR137, N TO N TX CONNECTION KIT,BUC BRACKET)', 'B2WS033I0104', '1', 'uji', '2017-03-27', '15:19:13'),
(5, 'B2WS023Y010Q00001', 'CDM 625, 5MBPS, QPSK/8PSK/16QAM, TPC/LDPC, D&I, ETHERNET/G.703/V.35, 70/140 MHZ IF ( PN - )', 'B2WS023Y010Q', '2', 'uji', '2017-03-30', '22:03:54'),
(6, 'B2WS038C010A00002', 'BUC C BAND 10 W AMPLUS ( PN - )', 'B2WS038C010A', '1', 'uji', '2017-03-31', '08:23:00'),
(7, 'B2WS038C010A00004', 'BUC C BAND 10 W AMPLUS ( PN - )', 'B2WS038C010A', '1', 'uji', '2017-03-31', '08:31:22'),
(8, 'B2WS038C010A00010', 'BUC C BAND 10 W AMPLUS ( PN - )', 'B2WS038C010A', '1', 'uji', '2017-03-31', '09:15:09'),
(9, 'B2WS023Y011100001', 'CDM-570L (2 MBPS, STANDARD MODULATION, 8PSK 7/8 HIGH RATE TPC, V.35) INCLUDE.24VDC BUC PS', 'B2WS023Y0111', '2', 'uji', '2017-03-31', '14:17:50'),
(10, 'B2WS023Y011100002', 'CDM-570L (2 MBPS, STANDARD MODULATION, 8PSK 7/8 HIGH RATE TPC, V.35) INCLUDE.24VDC BUC PS', 'B2WS023Y0111', '2', 'uji', '2017-03-31', '14:20:00'),
(11, 'B2WS023Y010R00001', 'CDM 625, 5MBPS, QPSK/8PSK/16QAM, TPC/LDPC, D&I, ETHERNET/G.703/V.35, 70/140 MHZ IF, CNC BOARD + 2.5 MBPS CNC LICENSE', 'B2WS023Y010R', '2', 'uji', '2017-03-31', '14:39:34'),
(12, 'B2WS023Y011100003', 'CDM-570L (2 MBPS, STANDARD MODULATION, 8PSK 7/8 HIGH RATE TPC, V.35) INCLUDE.24VDC BUC PS', 'B2WS023Y0111', '2', 'uji', '2017-04-02', '16:54:17'),
(13, 'B2WS023Y011100004', 'CDM-570L (2 MBPS, STANDARD MODULATION, 8PSK 7/8 HIGH RATE TPC, V.35) INCLUDE.24VDC BUC PS', 'B2WS023Y0111', '2', 'uji', '2017-04-02', '16:59:18'),
(14, 'B2WS02A7020200001', 'PSU FOR EVOLUTION X3 SATELITE ROUTER ( PN - )', 'B2WS02A70202', '3', 'uji', '2017-04-03', '11:59:23'),
(15, 'B2WS023Y011100100', 'CDM-570L (2 MBPS, STANDARD MODULATION, 8PSK 7/8 HIGH RATE TPC, V.35) INCLUDE.24VDC BUC PS', 'B2WS023Y0111', '2', 'uji', '2017-05-31', '12:56:58'),
(16, 'B2WS020O011000012', 'PSU REMOTE 7000 SERIES -IDU- C-BAND HUGHES', 'B2WS020O0110', '3', 'uji', '2017-06-02', '10:09:21'),
(17, 'B2WS020O011000013', 'PSU REMOTE 7000 SERIES -IDU- C-BAND HUGHES', 'B2WS020O0110', '3', 'uji', '2017-06-02', '10:09:31'),
(18, 'B2WS020O011000014', 'PSU REMOTE 7000 SERIES -IDU- C-BAND HUGHES', 'B2WS020O0110', '3', 'uji', '2017-06-02', '10:09:43'),
(19, 'B2WS020O011000015', 'PSU REMOTE 7000 SERIES -IDU- C-BAND HUGHES', 'B2WS020O0110', '3', 'uji', '2017-06-02', '10:09:53'),
(20, 'B2WS020O011000016', 'PSU REMOTE 7000 SERIES -IDU- C-BAND HUGHES', 'B2WS020O0110', '3', 'uji', '2017-06-02', '10:10:03'),
(21, 'B2WS0200011E00123', 'MODEM PD-10 IF PCMA, TPC, D/I, 8PSK', 'B2WS0200011E', '2', 'uji', '2017-06-02', '10:10:29'),
(22, 'B2WS0200011E00124', 'MODEM PD-10 IF PCMA, TPC, D/I, 8PSK', 'B2WS0200011E', '2', 'uji', '2017-06-02', '10:10:39'),
(23, 'B2WS0200011E00125', 'MODEM PD-10 IF PCMA, TPC, D/I, 8PSK', 'B2WS0200011E', '2', 'uji', '2017-06-02', '10:10:47'),
(24, 'B2WS0200011E00126', 'MODEM PD-10 IF PCMA, TPC, D/I, 8PSK', 'B2WS0200011E', '2', 'uji', '2017-06-02', '10:11:12'),
(25, 'B2WS03VI010300012', 'DRO LNB C-BAND FOR IDIRECT REMOTE ( PN - 8220 )', 'B2WS03VI0103', '1', 'uji', '2017-06-02', '10:13:32'),
(26, 'B2WS03VI010300013', 'DRO LNB C-BAND FOR IDIRECT REMOTE ( PN - 8220 )', 'B2WS03VI0103', '1', 'uji', '2017-06-02', '10:13:41'),
(27, 'B2WS03VI010300014', 'DRO LNB C-BAND FOR IDIRECT REMOTE ( PN - 8220 )', 'B2WS03VI0103', '1', 'uji', '2017-06-02', '10:13:52'),
(28, 'B2WS03VI010300015', 'DRO LNB C-BAND FOR IDIRECT REMOTE ( PN - 8220 )', 'B2WS03VI0103', '1', 'uji', '2017-06-02', '10:14:05'),
(29, 'B2WS03VI010300016', 'DRO LNB C-BAND FOR IDIRECT REMOTE ( PN - 8220 )', 'B2WS03VI0103', '1', 'uji', '2017-06-02', '10:14:17'),
(30, 'B2WS02A7020300001', 'EVOLUTION X1 SATELLITE ROUTER', 'B2WS02A70203', '3', 'uji', '2017-06-04', '14:28:41'),
(31, 'B2WS02A7020300002', 'EVOLUTION X1 SATELLITE ROUTER', 'B2WS02A70203', '3', 'uji', '2017-06-04', '14:28:55'),
(32, 'B2WS02A7020300003', 'EVOLUTION X1 SATELLITE ROUTER', 'B2WS02A70203', '3', 'uji', '2017-06-04', '14:29:05'),
(33, 'B2WS02A7020100001', 'EVOLUTION X3 SATELLITE ROUTER ( PN - )', 'B2WS02A70201', '3', 'uji', '2017-06-04', '14:29:32'),
(34, 'B2WS02A7020100002', 'EVOLUTION X3 SATELLITE ROUTER ( PN - )', 'B2WS02A70201', '3', 'uji', '2017-06-04', '14:29:49'),
(35, 'B2WS020O011400001', 'REMOTE HN7700S-IDU- C-BAND HUGHES', 'B2WS020O0114', '3', 'uji', '2017-06-04', '14:30:22'),
(36, 'B2WS020O011400002', 'REMOTE HN7700S-IDU- C-BAND HUGHES', 'B2WS020O0114', '3', 'uji', '2017-06-04', '14:30:32'),
(37, 'B2WS020O011600001', 'REMOTE HX50-IDU- C-BAND HUGHES ( PN - )', 'B2WS020O0116', '3', 'uji', '2017-06-04', '14:30:57'),
(38, 'B2WS020O011600002', 'REMOTE HX50-IDU- C-BAND HUGHES ( PN - )', 'B2WS020O0116', '3', 'uji', '2017-06-04', '14:31:07'),
(39, 'B2WS020O011600003', 'REMOTE HX50-IDU- C-BAND HUGHES ( PN - )', 'B2WS020O0116', '3', 'uji', '2017-06-04', '14:31:16'),
(40, 'B2WS03VI010201234', '2W C-BAND BUC FOR IDIRECT REMOTE ( PN - NJT5667F )', 'B2WS03VI0102', '1', 'uji', '2017-06-06', '10:17:40'),
(41, 'B2WS030N011201234', 'BUC 20 WATT CODAN', 'B2WS030N0112', '1', 'uji', '2017-06-06', '10:27:45'),
(42, 'B2WS030N011201235', 'BUC 20 WATT CODAN', 'B2WS030N0112', '1', 'uji', '2017-06-06', '10:33:07'),
(43, 'B2WS030N011201236', 'BUC 20 WATT CODAN', 'B2WS030N0112', '1', 'uji', '2017-06-06', '10:35:40'),
(44, 'B2WS023Y010Q00008', 'CDM 625, 5MBPS, QPSK/8PSK/16QAM, TPC/LDPC, D&I, ETHERNET/G.703/V.35, 70/140 MHZ IF ( PN - )', 'B2WS023Y010Q', '2', 'uji', '2017-06-06', '10:39:55'),
(45, 'B2WS03VI010200222', '2W C-BAND BUC FOR IDIRECT REMOTE ( PN - NJT5667F )', 'B2WS03VI0102', '1', 'uji', '2017-06-11', '15:40:33'),
(46, 'B2WS03VI010200223', '2W C-BAND BUC FOR IDIRECT REMOTE ( PN - NJT5667F )', 'B2WS03VI0102', '1', 'uji', '2017-06-11', '15:47:24'),
(47, 'B2WS03VI010200224', '2W C-BAND BUC FOR IDIRECT REMOTE ( PN - NJT5667F )', 'B2WS03VI0102', '1', 'uji', '2017-06-11', '15:47:40'),
(48, 'B2WS03VI010200225', '2W C-BAND BUC FOR IDIRECT REMOTE ( PN - NJT5667F )', 'B2WS03VI0102', '1', 'uji', '2017-06-11', '15:55:04'),
(49, 'B2WS023Y010Z00123', 'CDM-625L(CNC2.5MBPS,QPSK/8PSK,TPC/LDPC D&I,ETH/G.703/V.35.70/140', 'B2WS023Y010Z', '2', 'uji', '2017-06-16', '09:42:24'),
(50, 'B2WS023Y010Z00124', 'CDM-625L(CNC2.5MBPS,QPSK/8PSK,TPC/LDPC D&I,ETH/G.703/V.35.70/140', 'B2WS023Y010Z', '2', 'uji', '2017-06-16', '09:42:37'),
(51, 'B2WS023Y010Z00125', 'CDM-625L(CNC2.5MBPS,QPSK/8PSK,TPC/LDPC D&I,ETH/G.703/V.35.70/140', 'B2WS023Y010Z', '2', 'uji', '2017-06-16', '09:58:58'),
(52, 'B2WS038C010778998', 'BUC 2 WATT KU BAND AMPLUS TYPE CONNECTOR N(WR137 WITH FLANGE)', 'B2WS038C0107', '1', 'uji', '2017-06-18', '14:04:14'),
(53, 'B2WS023Y010Z00100', 'CDM-625L(CNC2.5MBPS,QPSK/8PSK,TPC/LDPC D&I,ETH/G.703/V.35.70/140', 'B2WS023Y010Z', '2', 'uji', '2017-06-18', '14:34:18'),
(54, 'B2WS023Y010Z00101', 'CDM-625L(CNC2.5MBPS,QPSK/8PSK,TPC/LDPC D&I,ETH/G.703/V.35.70/140', 'B2WS023Y010Z', '2', 'uji', '2017-06-18', '14:41:39'),
(55, 'B2WS023Y010Z00102', 'CDM-625L(CNC2.5MBPS,QPSK/8PSK,TPC/LDPC D&I,ETH/G.703/V.35.70/140', 'B2WS023Y010Z', '2', 'uji', '2017-06-18', '14:51:56'),
(56, 'B2WS02A7020300099', 'EVOLUTION X1 SATELLITE ROUTER', 'B2WS02A70203', '3', 'uji', '2017-06-18', '14:54:06'),
(57, 'B2WS02A7020300098', 'EVOLUTION X1 SATELLITE ROUTER', 'B2WS02A70203', '3', 'uji', '2017-06-18', '14:54:18'),
(58, 'B2WS020O011400099', 'REMOTE HN7700S-IDU- C-BAND HUGHES', 'B2WS020O0114', '3', 'uji', '2017-06-18', '14:54:57'),
(59, 'B2WS020O011400098', 'REMOTE HN7700S-IDU- C-BAND HUGHES', 'B2WS020O0114', '3', 'uji', '2017-06-18', '14:55:06'),
(60, 'B2WS020O011400789', 'REMOTE HN7700S-IDU- C-BAND HUGHES', 'B2WS020O0114', '3', 'uji', '2017-06-18', '15:21:34'),
(61, 'B2WS020O011400799', 'REMOTE HN7700S-IDU- C-BAND HUGHES', 'B2WS020O0114', '3', 'uji', '2017-06-18', '15:21:49'),
(62, 'B2WS02A7020199999', 'EVOLUTION X3 SATELLITE ROUTER ( PN - )', 'B2WS02A70201', '3', 'uji', '2017-06-18', '15:22:29'),
(63, 'B2WS02A7020199998', 'EVOLUTION X3 SATELLITE ROUTER ( PN - )', 'B2WS02A70201', '3', 'uji', '2017-06-18', '15:22:38'),
(64, 'B2WS02A7020199977', 'EVOLUTION X3 SATELLITE ROUTER ( PN - )', 'B2WS02A70201', '3', 'uji', '2017-06-18', '15:32:36'),
(65, 'B2WS038C010300125', 'C-BAND LNB-N AMPLUS', 'B2WS038C0103', '1', 'uji', '2017-06-20', '07:32:57'),
(66, 'B2WS038C010A00125', 'BUC C BAND 10 W AMPLUS ( PN - )', 'B2WS038C010A', '1', 'uji', '2017-06-20', '07:41:36'),
(67, 'B2WS038C010A00126', 'BUC C BAND 10 W AMPLUS ( PN - )', 'B2WS038C010A', '1', 'uji', '2017-06-20', '08:11:27'),
(68, 'B2WS038C010A00127', 'BUC C BAND 10 W AMPLUS ( PN - )', 'B2WS038C010A', '1', 'uji', '2017-06-20', '08:18:39'),
(69, 'B2WS038C010A00129', 'BUC C BAND 10 W AMPLUS ( PN - )', 'B2WS038C010A', '1', 'uji', '2017-06-20', '08:21:43'),
(70, 'B2WS023Y010Q00129', 'CDM 625, 5MBPS, QPSK/8PSK/16QAM, TPC/LDPC, D&I, ETHERNET/G.703/V.35, 70/140 MHZ IF ( PN - )', 'B2WS023Y010Q', '2', '0', '2017-06-20', '08:22:18'),
(71, 'B2WS02BB030256789', 'BMAX-CPE-ODU-PRO-TDD-SA-3.3GHZ ( PN - 733180 WLG )', 'B2WS02BB0302', '', '0', '2017-06-20', '16:14:45'),
(72, 'B2WS030W020856789', 'BUC 10 WATT MITEC ', 'B2WS030W0208', '1', 'uji', '2017-06-20', '16:14:47'),
(73, 'B2WN028U010456789', '2 10/100M FAST ETHERNET MP1700E ROUTER', 'B2WN028U0104', '', '0', '2017-06-20', '16:14:49'),
(74, 'B2WS03VI010256789', '2W C-BAND BUC FOR IDIRECT REMOTE ( PN - NJT5667F )', 'B2WS03VI0102', '1', 'uji', '2017-06-20', '16:14:51'),
(75, 'B2WN0131041E56789', '3825 W/AC PWR, 2GE,1SFP, 2NME, 4HWIC, IP BASE, 64F/256D', 'B2WN0131041E', '', '0', '2017-06-20', '16:14:54'),
(76, 'B2WS023Y010Q56789', 'CDM 625, 5MBPS, QPSK/8PSK/16QAM, TPC/LDPC, D&I, ETHERNET/G.703/V.35, 70/140 MHZ IF ( PN - )', 'B2WS023Y010Q', '2', '0', '2017-06-21', '12:24:00'),
(77, 'B2WS023Y010R56789', 'CDM 625, 5MBPS, QPSK/8PSK/16QAM, TPC/LDPC, D&I, ETHERNET/G.703/V.35, 70/140 MHZ IF, CNC BOARD + 2.5 MBPS CNC LICENSE', 'B2WS023Y010R', '2', '0', '2017-06-21', '12:24:02'),
(78, 'B2WS023Y011156789', 'CDM-570L (2 MBPS, STANDARD MODULATION, 8PSK 7/8 HIGH RATE TPC, V.35) INCLUDE.24VDC BUC PS', 'B2WS023Y0111', '2', '0', '2017-06-21', '12:24:03'),
(79, 'B2WS023Y010Z56789', 'CDM-625L(CNC2.5MBPS,QPSK/8PSK,TPC/LDPC D&I,ETH/G.703/V.35.70/140', 'B2WS023Y010Z', '2', '0', '2017-06-21', '12:24:04'),
(80, 'B2WN0131042L56789', 'CISCO 1921 MODULAR ROUTER,2GE 2 EHWIC IP BASE ( PN - CISCO 1921/K9 )', 'B2WN0131042L', '10', '0', '2017-06-21', '12:24:05'),
(81, 'B2WN0131040W56789', 'CISCO 2811 W/ AC PWR,2FE,4HWICS', 'B2WN0131040W', '10', '0', '2017-06-21', '12:24:05'),
(82, 'B2WN0131030K56789', 'CISCO 3700 SERIES 4SLOT MULTI', 'B2WN0131030K', '10', '0', '2017-06-21', '12:24:06'),
(83, 'B2WN0131040Q56789', 'CISCO 3845 W/AC PWR,2GE,1SFP,4NME,4HWIC, IP BASE, 64F/256D ( PN - CISCO3485 ) ( PN - CISCO3485 )', 'B2WN0131040Q', '10', '0', '2017-06-21', '12:24:07'),
(84, 'B2WN0231041656789', 'CISCO 3945 W/SPE150(3GE,4EHWIC,4DSP,4SM,256MBCF,1GBDRAM,IPB)', 'B2WN02310416', '10', '0', '2017-06-21', '12:24:08'),
(85, 'B2WN0131042F56789', 'CISCO CATALYST3560 24 ETH 10/100 PORTS AND 2 SFP PORTS, DC PWR', 'B2WN0131042F', '10', '0', '2017-06-21', '12:24:08'),
(86, 'B2WN0131042256789', 'CISCO SECURITY ROUTER CISCO 877 ( PN - CISCO 877 K-9 )', 'B2WN01310422', '10', '0', '2017-06-21', '12:24:09'),
(87, 'B2WN0131041N56789', 'CISCO1811/K9DUAL ETHERNET SECURITY ROUTER WITH V.92', 'B2WN0131041N', '10', '0', '2017-06-21', '12:24:10'),
(88, 'B2WS023Y010156789', 'COMTECH CDM-570L BASE UNIT 19.2 - 2048 KBPS, TX/RX N CONNECT', 'B2WS023Y0101', '2', '0', '2017-06-21', '12:24:11'),
(89, 'B2WS023Y010J56789', 'COMTECH CDM-IP-570 ( 512 KBPS , TX/RX BNC CONNECTOR STANDARD MODULATION, LOW RATE TPC, BUC P/S 24 VDC)', 'B2WS023Y010J', '2', '0', '2017-06-21', '12:24:12'),
(90, 'B2WS023Y010456789', 'COMTECH MODEM CDM-570L (512 KBPS, TX/RX N CONNECTOR, STANDARD MODULATION, LOW RATE TPC, BUC P/S 24 VDC)', 'B2WS023Y0104', '2', '0', '2017-06-21', '12:24:12'),
(91, 'B2WS023Y010856789', 'COMTECH MODEM CDM-600L (5 MBPS, TX/RX N CONNECTOR, STANDARD MODULATION, 8 PSK, 16 QAM, DROP & INSERT , HIGH RATE TPC, BUC P/S 48', 'B2WS023Y0108', '2', '0', '2017-06-21', '12:24:13'),
(92, 'B2WS023Y010M56789', 'COMTECH MODEM CDM-625 (2.5 MBPS, TX/RX BNC)', 'B2WS023Y010M', '2', '0', '2017-06-21', '12:24:14'),
(93, 'B2WS023Y010N56789', 'COMTECH MODEM CDM-625 (5 MBPS, TX/RX BNC)', 'B2WS023Y010N', '2', '0', '2017-06-21', '12:24:18'),
(94, 'B2WS023Y010O56789', 'COMTECH MODEM CDM-625L (2.5 MBPS, TX/RX N CONNECTOR)', 'B2WS023Y010O', '2', '0', '2017-06-21', '12:24:19'),
(95, 'B2WN0202010956789', 'CPE SDH RAISECOM, 2 STM1 SNCP SINGLE CORE 25 KM, 16E1 BALANCE', 'B2WN02020109', '', '0', '2017-06-21', '12:24:20'),
(96, 'B2WS03VI010356789', 'DRO LNB C-BAND FOR IDIRECT REMOTE ( PN - 8220 )', 'B2WS03VI0103', '1', 'uji', '2017-06-21', '12:24:22'),
(97, 'B2WS02A7020356789', 'EVOLUTION X1 SATELLITE ROUTER', 'B2WS02A70203', '3', '0', '2017-06-21', '12:24:23'),
(98, 'B2WS02A7020156789', 'EVOLUTION X3 SATELLITE ROUTER ( PN - )', 'B2WS02A70201', '3', '0', '2017-06-21', '12:24:23'),
(99, 'B2WS010Q010256789', 'FEED HORN PRODELIN ( PN - )', 'B2WS010Q0102', '1', 'uji', '2017-06-21', '12:24:24'),
(100, 'B2WS010Q010T56789', 'FEED HORN PRODELIN WR137', 'B2WS010Q010T', '1', 'uji', '2017-06-21', '12:24:24'),
(101, 'B2WS0100011W56789', 'FEEDHORN ANDERSEN 3,8', 'B2WS0100011W', '1', 'uji', '2017-06-21', '12:24:25'),
(102, 'B2WS020Y020356789', 'FRONT PLANE BSM', 'B2WS020Y0203', '', '0', '2017-06-21', '12:24:26'),
(103, 'B2WS02A2010556789', 'HIMAX 331-BS ODU ( PN - HMS-0023310072 ) ( PN - HMS-0023310072 )', 'B2WS02A20105', '9', '0', '2017-06-21', '12:24:27'),
(104, 'B2WS02A2010856789', 'HIMAX 331-BS-IDU ( PN - HMS-001310071 )', 'B2WS02A20108', '9', '0', '2017-06-21', '12:24:27'),
(105, 'B2WS02A2010356789', 'HIMAX 331-SS V2 ( PN - HMS-0033310073 )', 'B2WS02A20103', '9', '0', '2017-06-21', '12:24:28'),
(106, 'B2WS038C020256789', 'LNA AMPLUS CBD N', 'B2WS038C0202', '1', 'uji', '2017-06-21', '12:24:29'),
(107, 'B2WS0100010I56789', 'LNB,C-BAND LS EXTD BAND', 'B2WS0100010I', '1', 'uji', '2017-06-21', '12:24:29'),
(108, 'B2WS0200011E56789', 'MODEM PD-10 IF PCMA, TPC, D/I, 8PSK', 'B2WS0200011E', '2', '0', '2017-06-21', '12:24:30'),
(109, 'B2WS0200011F56789', 'MODEM PD-10 L-BAND PCMA, TPC, D/I, 8PSK', 'B2WS0200011F', '2', '0', '2017-06-21', '12:24:31'),
(110, 'B2WS0200011E00129', 'MODEM PD-10 IF PCMA, TPC, D/I, 8PSK', 'B2WS0200011E', '2', '0', '2017-06-22', '11:04:16'),
(111, 'B2WS0200011E00100', 'MODEM PD-10 IF PCMA, TPC, D/I, 8PSK', 'B2WS0200011E', '2', '0', '2017-06-22', '11:04:38'),
(112, 'B2WN028U010410000', '2 10/100M FAST ETHERNET MP1700E ROUTER', 'B2WN028U0104', '10', '0', '2017-06-24', '11:49:09'),
(113, 'B2WS0273010510000', 'ALC IDU SIAE 16X2 120 1 + 1ETH ( PN - ) ( PN - )', 'B2WS02730105', '11', 'uji', '2017-06-24', '11:49:28'),
(114, 'B1LT0000000610000', 'NOTEBOOK', 'B1LT00000006', '12', 'uji', '2017-06-24', '11:50:08'),
(115, 'B2WS02A2010510000', 'HIMAX 331-BS ODU ( PN - HMS-0023310072 ) ( PN - HMS-0023310072 )', 'B2WS02A20105', '9', '0', '2017-06-24', '11:52:25'),
(116, 'B2WS02BB030210000', 'BMAX-CPE-ODU-PRO-TDD-SA-3.3GHZ ( PN - 733180 WLG )', 'B2WS02BB0302', '8', '0', '2017-06-24', '11:52:48'),
(117, 'B2WS023G030110000', 'TS-BU1300, 3.5/10.5GHZ, 110/220V, 1XETH, 1XV35/X21 ( PN - 400320 ) ( PN - 400320 )', 'B2WS023G0301', '7', '0', '2017-06-24', '11:53:15'),
(118, 'B2WS020Y010210000', 'SAS, UNIVERSAL POWER SUPPLY 115/220 VAC', 'B2WS020Y0102', '6', '0', '2017-06-24', '11:53:46'),
(119, 'B2WS02A7020310000', 'EVOLUTION X1 SATELLITE ROUTER', 'B2WS02A70203', '3', '0', '2017-06-24', '11:58:25'),
(120, 'B2WS020O011410000', 'REMOTE HN7700S-IDU- C-BAND HUGHES', 'B2WS020O0114', '3', '0', '2017-06-24', '11:58:51'),
(121, 'B2WS033Y010C10000', 'RF COMTECH EF DATA CSAT 10W FULL C-BAND ( PN - )', 'B2WS033Y010C', '2', '0', '2017-06-24', '11:59:09'),
(122, 'B2WS030O010510000', 'RF,ODU,TIGRIS,EXT-C 2W', 'B2WS030O0105', '1', 'uji', '2017-06-24', '11:59:25'),
(123, 'B2WS0273010510001', 'ALC IDU SIAE 16X2 120 1 + 1ETH ( PN - ) ( PN - )', 'B2WS02730105', '11', 'uji', '2017-06-24', '15:14:42'),
(124, 'B2WS0273010510002', 'ALC IDU SIAE 16X2 120 1 + 1ETH ( PN - ) ( PN - )', 'B2WS02730105', '11', 'uji', '2017-06-24', '15:21:04');

-- --------------------------------------------------------

--
-- Table structure for table `detail_kategori`
--

CREATE TABLE IF NOT EXISTS `detail_kategori` (
  `no` int(11) NOT NULL,
  `id_kat` int(11) NOT NULL,
  `id_par` int(11) NOT NULL,
  `urutan` int(11) NOT NULL
) ENGINE=InnoDB AUTO_INCREMENT=328 DEFAULT CHARSET=latin1;

--
-- Dumping data for table `detail_kategori`
--

INSERT INTO `detail_kategori` (`no`, `id_kat`, `id_par`, `urutan`) VALUES
(237, 2, 9, 2),
(238, 2, 8, 6),
(239, 2, 2, 1),
(240, 2, 10, 3),
(241, 2, 7, 5),
(242, 2, 5, 4),
(243, 1, 12, 4),
(244, 1, 11, 2),
(245, 1, 1, 1),
(246, 1, 9, 5),
(247, 1, 8, 8),
(248, 1, 10, 3),
(249, 1, 7, 7),
(250, 1, 5, 6),
(251, 3, 8, 6),
(252, 3, 2, 1),
(253, 3, 4, 3),
(254, 3, 7, 5),
(255, 3, 3, 2),
(256, 3, 5, 4),
(263, 4, 13, 1),
(264, 4, 1, 2),
(265, 4, 8, 6),
(266, 4, 4, 3),
(267, 4, 7, 5),
(268, 4, 5, 4),
(269, 5, 15, 4),
(270, 5, 8, 7),
(271, 5, 10, 1),
(272, 5, 7, 6),
(273, 5, 14, 3),
(274, 5, 5, 5),
(275, 5, 16, 2),
(276, 6, 8, 6),
(277, 6, 10, 1),
(278, 6, 7, 5),
(279, 6, 5, 4),
(280, 6, 18, 3),
(281, 6, 17, 2),
(282, 7, 8, 7),
(283, 7, 10, 1),
(284, 7, 7, 6),
(285, 7, 19, 3),
(286, 7, 20, 4),
(287, 7, 5, 5),
(288, 7, 16, 2),
(289, 8, 21, 2),
(290, 8, 8, 7),
(291, 8, 10, 1),
(292, 8, 7, 6),
(293, 8, 5, 5),
(294, 8, 23, 4),
(295, 8, 22, 3),
(296, 9, 24, 3),
(297, 9, 21, 2),
(298, 9, 8, 7),
(299, 9, 10, 1),
(300, 9, 7, 6),
(301, 9, 25, 4),
(302, 9, 5, 5),
(303, 10, 21, 5),
(304, 10, 1, 1),
(305, 10, 27, 4),
(306, 10, 8, 9),
(307, 10, 26, 3),
(308, 10, 10, 2),
(309, 10, 7, 8),
(310, 10, 5, 7),
(311, 10, 28, 6),
(312, 11, 15, 4),
(313, 11, 8, 7),
(314, 11, 10, 1),
(315, 11, 7, 6),
(316, 11, 19, 3),
(317, 11, 5, 5),
(318, 11, 16, 2),
(319, 12, 15, 3),
(320, 12, 8, 6),
(321, 12, 26, 2),
(322, 12, 10, 1),
(323, 12, 7, 5),
(324, 12, 5, 4),
(325, 13, 24, 1),
(326, 13, 7, 2),
(327, 13, 18, 3);

-- --------------------------------------------------------

--
-- Table structure for table `draft`
--

CREATE TABLE IF NOT EXISTS `draft` (
  `no_draft` int(11) NOT NULL,
  `noregis` varchar(17) NOT NULL,
  `nama` varchar(50) NOT NULL,
  `tanggal` date NOT NULL,
  `analisa` varchar(100) NOT NULL,
  `parts` varchar(100) NOT NULL,
  `ket` varchar(100) NOT NULL,
  `iduser` varchar(20) NOT NULL
) ENGINE=InnoDB DEFAULT CHARSET=latin1;

-- --------------------------------------------------------

--
-- Table structure for table `info`
--

CREATE TABLE IF NOT EXISTS `info` (
  `no_info` int(11) NOT NULL,
  `asal` varchar(20) NOT NULL,
  `tgl_uji` date NOT NULL,
  `status_awal` varchar(20) NOT NULL,
  `penguji` varchar(20) NOT NULL,
  `appv` varchar(100) NOT NULL,
  `batch_in` date NOT NULL,
  `batch_out` date NOT NULL,
  `nama` varchar(100) NOT NULL,
  `id_kat` int(11) NOT NULL
) ENGINE=InnoDB AUTO_INCREMENT=63 DEFAULT CHARSET=latin1;

--
-- Dumping data for table `info`
--

INSERT INTO `info` (`no_info`, `asal`, `tgl_uji`, `status_awal`, `penguji`, `appv`, `batch_in`, `batch_out`, `nama`, `id_kat`) VALUES
(1, 'semarang', '2017-05-31', 'Dismantle', 'rzz', 'erika', '2017-05-31', '2017-05-31', 'modem', 1),
(2, 'malang', '2017-05-01', 'Baru', 'rzz', 'izza', '2017-05-01', '2017-05-01', 'antena', 3),
(3, 'jkt', '2017-05-15', 'Repair', 'rzz', 'siti', '2017-05-15', '2017-05-15', 'psu', 2),
(4, 'qwerty', '2017-06-02', 'Baru', 'rzz', 'er', '2017-06-02', '2017-06-02', 'dshgdhsjaghjas', 3),
(5, 'asfdgsdhfjdjksa', '2017-06-03', 'Dismantle', 'rzz', 'hdsfjkdshfkja', '2017-06-03', '2017-06-03', 'sdjhfdksahfahfjksa', 1),
(6, 'fdhdfjkhgdka', '2017-06-07', 'Repair', 'rzz', 'jdfkdkgldalkdf', '2017-06-07', '2017-06-07', 'dsjkhfjkshfjk', 2),
(9, 'fdsgdsgdfgdf', '2017-06-06', 'Baru', 'rzz', 'fdfgdgfdfgda', '2017-06-06', '2017-06-06', 'zdfvdfgfdg', 1),
(10, 'sdfdfggfgfgfdgdfg', '2017-06-08', 'Baru', 'rzz', 'dfgvfdfsdfs', '2017-06-08', '2017-06-08', 'dffdgfdgdf', 1),
(11, 'gdgf', '2017-06-10', 'Baru', 'rzz', 'fdgdgfd', '2017-06-10', '2017-06-10', 'sadsadasdsadasa', 1),
(12, 'dsfdsfdfsfdsf', '2017-06-08', 'Baru', 'rzz', 'dsfdsfds', '2017-06-08', '2017-06-08', 'fdsfdsfds', 1),
(13, 'z', '2017-06-15', 'Baru', 'rzz', 'c', '2017-06-15', '2017-06-15', 'c', 2),
(14, 'a', '2017-06-23', 'Baru', 'rzz', 'a', '2017-06-23', '2017-06-23', 'a', 1),
(15, 'b', '2017-06-11', 'Baru', 'rzz', '', '2017-06-11', '0000-00-00', '', 1),
(16, '', '0000-00-00', 'Baru', 'rzz', '', '0000-00-00', '0000-00-00', '', 1),
(17, 'hhh', '2017-06-16', 'Dismantle', 'rzz', 'abc', '2017-06-16', '2017-06-16', 'modem', 2),
(19, 'fdsdfsd', '2017-06-18', 'Baru', 'rzz', 'aaaa', '2017-06-18', '2017-06-18', 'cccc', 2),
(20, 'ccccc', '2017-06-18', 'Baru', 'rzz', 'ccccc', '2017-06-18', '2017-06-18', 'cccccc', 1),
(27, 'hxcvhxjkhjv', '2017-06-18', 'Baru', 'nandya', 'cxxvcx', '2017-06-18', '2017-06-18', 'vcxvcxv', 3),
(28, 'hxcvhxjkhjv', '2017-06-18', 'Baru', 'nandya', 'cxxvcx', '2017-06-18', '2017-06-18', 'vcxvcxv', 3),
(29, 'hxcvhxjkhjv', '2017-06-18', 'Baru', 'nandya', 'cxxvcx', '2017-06-18', '2017-06-18', 'vcxvcxv', 3),
(30, 'hxcvhxjkhjv', '2017-06-18', 'Baru', 'nandya', 'cxxvcx', '2017-06-18', '2017-06-18', 'vcxvcxv', 3),
(31, 'hxcvhxjkhjv', '2017-06-18', 'Baru', 'nandya', 'cxxvcx', '2017-06-18', '2017-06-18', 'vcxvcxv', 3),
(32, 'vghh', '2017-06-18', 'Baru', 'rzz', 'gjhhjkj', '2017-06-18', '2017-06-18', 'bhjknklm', 2),
(33, 'bvnm', '2017-06-18', 'Baru', 'rzz', 'vbnnm,', '2017-06-18', '2017-06-18', 'cvbnm,', 2),
(34, 'sdfgvbhn', '2017-06-18', 'Baru', 'rzz', 'cfvgbnm', '2017-06-18', '2017-06-18', 'dfgbhnm', 2),
(43, '', '0000-00-00', 'Baru', 'nandya', '', '0000-00-00', '0000-00-00', '', 3),
(44, '', '0000-00-00', 'Baru', 'nandya', '', '0000-00-00', '0000-00-00', '', 3),
(46, '', '0000-00-00', 'Baru', 'rzz', '', '2017-06-19', '2017-06-19', '', 3),
(47, '', '0000-00-00', 'Baru', 'nandya', '', '0000-00-00', '0000-00-00', '', 3),
(48, 'cobaaaa', '0000-00-00', 'Dismantle', 'rizky fauzi', 'cobaaaa', '0000-00-00', '2017-06-20', 'cobaaaa', 1),
(49, 'hm', '0000-00-00', 'Baru', 'rizky fauzi', 'hm', '0000-00-00', '2017-06-20', 'hm', 1),
(50, 'hmmmmmm', '0000-00-00', 'Baru', 'rizky fauzi', 'hmmmmmm', '0000-00-00', '2017-06-20', 'hmmmmmm', 1),
(51, 'sdsadsa', '0000-00-00', 'Baru', 'rizky fauzi', 'asdasdasd', '0000-00-00', '2017-06-20', 'asdasdad', 1),
(52, 'dsdsds', '0000-00-00', 'Baru', 'rizky fauzi', 'sdsds', '0000-00-00', '2017-06-20', 'dsdsd', 1),
(54, 'serpong', '2017-06-24', 'Baru', 'Afsendi Ahmad', '', '2017-06-24', '0000-00-00', 'laptop', 12),
(59, 'Cabutan reguler', '2017-06-24', 'Dismantle', 'rizky fauzi', '', '2017-06-24', '2017-06-24', 'BUC', 1),
(60, 'Cabutan reguler', '2017-06-24', 'Baru', 'rizky fauzi', '', '2017-06-24', '2017-06-24', 'modem', 11),
(61, 'semarang', '2017-06-24', 'Dismantle', 'rizky fauzi', '', '2017-06-24', '2017-06-24', 'alc', 11),
(62, 'hehe', '2017-06-24', 'Baru', 'rizky fauzi', '', '2017-06-24', '2017-06-24', 'hehe', 11);

-- --------------------------------------------------------

--
-- Table structure for table `kategori`
--

CREATE TABLE IF NOT EXISTS `kategori` (
  `id_kat` int(11) NOT NULL,
  `kategori` varchar(20) NOT NULL
) ENGINE=InnoDB AUTO_INCREMENT=14 DEFAULT CHARSET=latin1;

--
-- Dumping data for table `kategori`
--

INSERT INTO `kategori` (`id_kat`, `kategori`) VALUES
(1, 'VSATNET'),
(2, 'VSATLINK'),
(3, 'VSATVMS'),
(4, 'BWA5'),
(5, 'BWA1'),
(6, 'BWA1PSU'),
(7, 'BWA2'),
(8, 'BWA3Articonet'),
(9, 'BWA3Hariff'),
(10, 'Router'),
(11, 'RADIOLINK'),
(12, 'Wireline'),
(13, 'opo');

-- --------------------------------------------------------

--
-- Table structure for table `parameter`
--

CREATE TABLE IF NOT EXISTS `parameter` (
  `id_par` int(11) NOT NULL,
  `parameter` varchar(15) NOT NULL
) ENGINE=InnoDB AUTO_INCREMENT=31 DEFAULT CHARSET=latin1;

--
-- Dumping data for table `parameter`
--

INSERT INTO `parameter` (`id_par`, `parameter`) VALUES
(1, 'Fisik'),
(2, 'LED'),
(3, 'SQF'),
(4, 'Ping'),
(5, 'Start-End'),
(6, 'End'),
(7, 'Result'),
(8, 'KK'),
(9, 'Gain'),
(10, 'Power'),
(11, 'Center LO'),
(12, 'C/N'),
(13, 'Factory Default'),
(14, 'Rsl'),
(15, 'Bert'),
(16, 'Tx'),
(17, 'VDC (V)'),
(18, 'VAC (mV)'),
(19, 'Rx'),
(20, 'SNR/AVG'),
(21, 'Ethernet'),
(22, 'UL/DL SNR'),
(23, 'UL/DL Rssi'),
(24, 'CINR'),
(25, 'Rssi'),
(26, 'Link'),
(27, 'Interface'),
(28, 'Vo'),
(29, 'Time'),
(30, 'Status');

-- --------------------------------------------------------

--
-- Table structure for table `pengujian`
--

CREATE TABLE IF NOT EXISTS `pengujian` (
  `no_uji` int(11) NOT NULL,
  `no_info` int(11) NOT NULL,
  `no_regis` char(17) NOT NULL,
  `id_par` int(11) NOT NULL,
  `hasil_uji` text NOT NULL,
  `status` varchar(11) NOT NULL
) ENGINE=InnoDB AUTO_INCREMENT=408 DEFAULT CHARSET=latin1;

--
-- Dumping data for table `pengujian`
--

INSERT INTO `pengujian` (`no_uji`, `no_info`, `no_regis`, `id_par`, `hasil_uji`, `status`) VALUES
(1, 0, 'B2WN028U010410000', 0, '', ''),
(3, 0, 'B1LT0000000610000', 0, '', ''),
(4, 0, 'B2WS02A2010510000', 0, '', ''),
(5, 0, 'B2WS02BB030210000', 0, '', ''),
(6, 0, 'B2WS023G030110000', 0, '', ''),
(7, 0, 'B2WS020Y010210000', 0, '', ''),
(8, 0, 'B2WS02A7020310000', 0, '', ''),
(9, 0, 'B2WS020O011410000', 0, '', ''),
(10, 0, 'B2WS033Y010C10000', 0, '', ''),
(19, 54, 'B1LT0000000610000', 15, 'ok', 'uji'),
(20, 54, 'B1LT0000000610000', 8, '1', 'uji'),
(21, 54, 'B1LT0000000610000', 26, 'ok', 'uji'),
(22, 54, 'B1LT0000000610000', 10, 'ok', 'uji'),
(23, 54, 'B1LT0000000610000', 7, 'baik ', 'uji'),
(24, 54, 'B1LT0000000610000', 5, '10 menit', 'uji'),
(313, 59, 'B2WS030O010510000', 12, '5', 'uji'),
(314, 59, 'B2WS030O010510000', 11, '1.110', 'uji'),
(315, 59, 'B2WS030O010510000', 1, 'OK', 'uji'),
(316, 59, 'B2WS030O010510000', 9, '45', 'uji'),
(317, 59, 'B2WS030O010510000', 8, '1', 'uji'),
(318, 59, 'B2WS030O010510000', 10, '50', 'uji'),
(319, 59, 'B2WS030O010510000', 7, 'Tx Ok', 'uji'),
(320, 59, 'B2WS030O010510000', 5, '10 menit', 'uji'),
(321, 59, 'B2WS0100010I56789', 12, '5', 'uji'),
(322, 59, 'B2WS0100010I56789', 11, '1.110', 'uji'),
(323, 59, 'B2WS0100010I56789', 1, 'OK', 'uji'),
(324, 59, 'B2WS0100010I56789', 9, '45', 'uji'),
(325, 59, 'B2WS0100010I56789', 8, '1', 'uji'),
(326, 59, 'B2WS0100010I56789', 10, '50', 'uji'),
(327, 59, 'B2WS0100010I56789', 7, 'Tx Ok', 'uji'),
(328, 59, 'B2WS0100010I56789', 5, '10 menit', 'uji'),
(329, 59, 'B2WS038C020256789', 12, '5', 'uji'),
(330, 59, 'B2WS038C020256789', 11, '1.110', 'uji'),
(331, 59, 'B2WS038C020256789', 1, 'OK', 'uji'),
(332, 59, 'B2WS038C020256789', 9, '45', 'uji'),
(333, 59, 'B2WS038C020256789', 8, '1', 'uji'),
(334, 59, 'B2WS038C020256789', 10, '50', 'uji'),
(335, 59, 'B2WS038C020256789', 7, 'Tx Ok', 'uji'),
(336, 59, 'B2WS038C020256789', 5, '10 menit', 'uji'),
(337, 59, 'B2WS0100011W56789', 12, '5', 'uji'),
(338, 59, 'B2WS0100011W56789', 11, '1.110', 'uji'),
(339, 59, 'B2WS0100011W56789', 1, 'OK', 'uji'),
(340, 59, 'B2WS0100011W56789', 9, '45', 'uji'),
(341, 59, 'B2WS0100011W56789', 8, '1', 'uji'),
(342, 59, 'B2WS0100011W56789', 10, '50', 'uji'),
(343, 59, 'B2WS0100011W56789', 7, 'Tx Ok', 'uji'),
(344, 59, 'B2WS0100011W56789', 5, '10 menit', 'uji'),
(345, 59, 'B2WS010Q010T56789', 12, '5', 'uji'),
(346, 59, 'B2WS010Q010T56789', 11, '1.110', 'uji'),
(347, 59, 'B2WS010Q010T56789', 1, 'OK', 'uji'),
(348, 59, 'B2WS010Q010T56789', 9, '45', 'uji'),
(349, 59, 'B2WS010Q010T56789', 8, '1', 'uji'),
(350, 59, 'B2WS010Q010T56789', 10, '50', 'uji'),
(351, 59, 'B2WS010Q010T56789', 7, 'Tx Ok', 'uji'),
(352, 59, 'B2WS010Q010T56789', 5, '10 menit', 'uji'),
(353, 59, 'B2WS010Q010256789', 12, '5', 'uji'),
(354, 59, 'B2WS010Q010256789', 11, '1.110', 'uji'),
(355, 59, 'B2WS010Q010256789', 1, 'OK', 'uji'),
(356, 59, 'B2WS010Q010256789', 9, '45', 'uji'),
(357, 59, 'B2WS010Q010256789', 8, '1', 'uji'),
(358, 59, 'B2WS010Q010256789', 10, '50', 'uji'),
(359, 59, 'B2WS010Q010256789', 7, 'Tx Ok', 'uji'),
(360, 59, 'B2WS010Q010256789', 5, '10 menit', 'uji'),
(361, 59, 'B2WS03VI010356789', 12, '5', 'uji'),
(362, 59, 'B2WS03VI010356789', 11, '1.110', 'uji'),
(363, 59, 'B2WS03VI010356789', 1, 'OK', 'uji'),
(364, 59, 'B2WS03VI010356789', 9, '45', 'uji'),
(365, 59, 'B2WS03VI010356789', 8, '1', 'uji'),
(366, 59, 'B2WS03VI010356789', 10, '50', 'uji'),
(367, 59, 'B2WS03VI010356789', 7, 'Tx Ok', 'uji'),
(368, 59, 'B2WS03VI010356789', 5, '10 menit', 'uji'),
(369, 59, 'B2WS03VI010256789', 12, '5', 'uji'),
(370, 59, 'B2WS03VI010256789', 11, '1.110', 'uji'),
(371, 59, 'B2WS03VI010256789', 1, 'OK', 'uji'),
(372, 59, 'B2WS03VI010256789', 9, '45', 'uji'),
(373, 59, 'B2WS03VI010256789', 8, '1', 'uji'),
(374, 59, 'B2WS03VI010256789', 10, '50', 'uji'),
(375, 59, 'B2WS03VI010256789', 7, 'Tx Ok', 'uji'),
(376, 59, 'B2WS03VI010256789', 5, '10 menit', 'uji'),
(377, 59, 'B2WS030W020856789', 12, '5', 'uji'),
(378, 59, 'B2WS030W020856789', 11, '1.110', 'uji'),
(379, 59, 'B2WS030W020856789', 1, 'OK', 'uji'),
(380, 59, 'B2WS030W020856789', 9, '45', 'uji'),
(381, 59, 'B2WS030W020856789', 8, '1', 'uji'),
(382, 59, 'B2WS030W020856789', 10, '50', 'uji'),
(383, 59, 'B2WS030W020856789', 7, 'Tx Ok', 'uji'),
(384, 59, 'B2WS030W020856789', 5, '10 menit', 'uji'),
(385, 60, 'B2WS0273010510000', 15, 'cobaa', 'uji'),
(386, 60, 'B2WS0273010510000', 8, '1', 'uji'),
(387, 60, 'B2WS0273010510000', 10, 'cobaa', 'uji'),
(388, 60, 'B2WS0273010510000', 7, 'cobaa', 'uji'),
(389, 60, 'B2WS0273010510000', 19, 'cobaa', 'uji'),
(390, 60, 'B2WS0273010510000', 5, 'cobaa', 'uji'),
(391, 60, 'B2WS0273010510000', 16, 'cobaa', 'uji'),
(392, 0, 'B2WS0273010510001', 0, '', ''),
(393, 61, 'B2WS0273010510001', 15, 'alc', 'uji'),
(394, 61, 'B2WS0273010510001', 8, '1', 'uji'),
(395, 61, 'B2WS0273010510001', 10, 'alc', 'uji'),
(396, 61, 'B2WS0273010510001', 7, 'alc', 'uji'),
(397, 61, 'B2WS0273010510001', 19, 'alc', 'uji'),
(398, 61, 'B2WS0273010510001', 5, 'alc', 'uji'),
(399, 61, 'B2WS0273010510001', 16, 'alc', 'uji'),
(400, 0, 'B2WS0273010510002', 0, '', ''),
(401, 62, 'B2WS0273010510002', 15, 'hehe', 'uji'),
(402, 62, 'B2WS0273010510002', 8, '1', 'uji'),
(403, 62, 'B2WS0273010510002', 10, 'hehe', 'uji'),
(404, 62, 'B2WS0273010510002', 7, 'hehe', 'uji'),
(405, 62, 'B2WS0273010510002', 19, 'hehe', 'uji'),
(406, 62, 'B2WS0273010510002', 5, 'hehe', 'uji'),
(407, 62, 'B2WS0273010510002', 16, 'hehe', 'uji');

-- --------------------------------------------------------

--
-- Table structure for table `perangkat`
--

CREATE TABLE IF NOT EXISTS `perangkat` (
  `id_perangkat` int(11) NOT NULL,
  `nama_perangkat` varchar(255) NOT NULL,
  `kodespek` char(12) NOT NULL,
  `kategori` varchar(50) NOT NULL,
  `jenis` varchar(100) NOT NULL
) ENGINE=InnoDB AUTO_INCREMENT=200 DEFAULT CHARSET=latin1;

--
-- Dumping data for table `perangkat`
--

INSERT INTO `perangkat` (`id_perangkat`, `nama_perangkat`, `kodespek`, `kategori`, `jenis`) VALUES
(1, '2 10/100M FAST ETHERNET MP1700E ROUTER', 'B2WN028U0104', '10', 'W'),
(2, '2W C-BAND BUC FOR IDIRECT REMOTE ( PN - NJT5667F )', 'B2WS03VI0102', '1', 'V'),
(3, '3825 W/AC PWR, 2GE,1SFP, 2NME, 4HWIC, IP BASE, 64F/256D', 'B2WN0131041E', '', ''),
(4, 'ALC IDU SIAE 16X2 120 1 + 1ETH ( PN - ) ( PN - )', 'B2WS02730105', '11', 'V'),
(5, 'BMAX-CPE-ODU-PRO-TDD-SA-3.3GHZ ( PN - 733180 WLG )', 'B2WS02BB0302', '8', 'W'),
(6, 'BOOSTER RF AMPLUS', 'B2WS038C0204', '2', 'V'),
(7, 'BUC 10 WATT MITEC ', 'B2WS030W0208', '1', 'V'),
(8, 'BUC 2 WATT KU BAND AMPLUS TYPE CONNECTOR N(WR137 WITH FLANGE)', 'B2WS038C0107', '1', 'V'),
(9, 'BUC 20 WATT CODAN', 'B2WS030N0112', '1', 'V'),
(10, 'BUC 5 WATT C-BAND AMPLUS TYPE CONNECTOR N (WR137 WITH FLANGE)', 'B2WS038C0108', '1', 'V'),
(11, 'BUC C BAND 10 W AMPLUS ( PN - )', 'B2WS038C010A', '1', 'V'),
(12, 'BUC C-BAND 20 WATT AMPLUS', 'B2WS038C010C', '1', 'V'),
(13, 'BUC NJRC (C BAND, 5 WATT, IN-N CONNECTOR, OUT WR137, N TO N TX CONNECTION KIT,BUC BRACKET)', 'B2WS033I0104', '1', 'V'),
(14, 'BUC TERRASAT (C BAND, 10 WATT, IN-N CONNECTOR, OUT WR137, N TO N TX CONNECTION KIT,BUC BRACKET)', 'B2WS034N0101', '1', 'V'),
(15, 'BUC TERRASAT (CBAND, 20 WATT, IN-N CONNECTOR, OUT WR137,N TO N T', 'B2WS034N0102', '1', 'V'),
(16, 'C-BAND LNB-N AMPLUS', 'B2WS038C0103', '1', 'V'),
(17, 'CDM 625, 5MBPS, QPSK/8PSK/16QAM, TPC/LDPC, D&I, ETHERNET/G.703/V.35, 70/140 MHZ IF ( PN - )', 'B2WS023Y010Q', '2', 'V'),
(18, 'CDM 625, 5MBPS, QPSK/8PSK/16QAM, TPC/LDPC, D&I, ETHERNET/G.703/V.35, 70/140 MHZ IF, CNC BOARD + 2.5 MBPS CNC LICENSE', 'B2WS023Y010R', '2', 'V'),
(19, 'CDM-570L (2 MBPS, STANDARD MODULATION, 8PSK 7/8 HIGH RATE TPC, V.35) INCLUDE.24VDC BUC PS', 'B2WS023Y0111', '2', 'V'),
(20, 'CDM-625L(CNC2.5MBPS,QPSK/8PSK,TPC/LDPC D&I,ETH/G.703/V.35.70/140', 'B2WS023Y010Z', '2', 'V'),
(21, 'CISCO 1921 MODULAR ROUTER,2GE 2 EHWIC IP BASE ( PN - CISCO 1921/K9 )', 'B2WN0131042L', '10', 'W'),
(22, 'CISCO 2811 W/ AC PWR,2FE,4HWICS', 'B2WN0131040W', '10', 'W'),
(23, 'CISCO 3700 SERIES 4SLOT MULTI', 'B2WN0131030K', '10', 'W'),
(24, 'CISCO 3845 W/AC PWR,2GE,1SFP,4NME,4HWIC, IP BASE, 64F/256D ( PN - CISCO3485 ) ( PN - CISCO3485 )', 'B2WN0131040Q', '10', 'W'),
(25, 'CISCO 3945 W/SPE150(3GE,4EHWIC,4DSP,4SM,256MBCF,1GBDRAM,IPB)', 'B2WN02310416', '10', 'W'),
(26, 'CISCO CATALYST3560 24 ETH 10/100 PORTS AND 2 SFP PORTS, DC PWR', 'B2WN0131042F', '10', 'W'),
(27, 'CISCO SECURITY ROUTER CISCO 877 ( PN - CISCO 877 K-9 )', 'B2WN01310422', '10', 'W'),
(28, 'CISCO1811/K9DUAL ETHERNET SECURITY ROUTER WITH V.92', 'B2WN0131041N', '10', 'W'),
(29, 'COMTECH CDM-570L BASE UNIT 19.2 - 2048 KBPS, TX/RX N CONNECT', 'B2WS023Y0101', '2', 'V'),
(30, 'COMTECH CDM-IP-570 ( 512 KBPS , TX/RX BNC CONNECTOR STANDARD MODULATION, LOW RATE TPC, BUC P/S 24 VDC)', 'B2WS023Y010J', '2', 'V'),
(31, 'COMTECH MODEM CDM-570L (512 KBPS, TX/RX N CONNECTOR, STANDARD MODULATION, LOW RATE TPC, BUC P/S 24 VDC)', 'B2WS023Y0104', '2', 'V'),
(32, 'COMTECH MODEM CDM-600L (5 MBPS, TX/RX N CONNECTOR, STANDARD MODULATION, 8 PSK, 16 QAM, DROP & INSERT , HIGH RATE TPC, BUC P/S 48', 'B2WS023Y0108', '2', 'V'),
(33, 'COMTECH MODEM CDM-625 (2.5 MBPS, TX/RX BNC)', 'B2WS023Y010M', '2', 'V'),
(34, 'COMTECH MODEM CDM-625 (5 MBPS, TX/RX BNC)', 'B2WS023Y010N', '2', 'V'),
(35, 'COMTECH MODEM CDM-625L (2.5 MBPS, TX/RX N CONNECTOR)', 'B2WS023Y010O', '2', 'V'),
(36, 'CPE SDH RAISECOM, 2 STM1 SNCP SINGLE CORE 25 KM, 16E1 BALANCE', 'B2WN02020109', '', 'W'),
(37, 'DRO LNB C-BAND FOR IDIRECT REMOTE ( PN - 8220 )', 'B2WS03VI0103', '1', 'V'),
(38, 'EVOLUTION X1 SATELLITE ROUTER', 'B2WS02A70203', '3', 'W'),
(39, 'EVOLUTION X3 SATELLITE ROUTER ( PN - )', 'B2WS02A70201', '3', 'W'),
(40, 'FEED HORN PRODELIN ( PN - )', 'B2WS010Q0102', '1', 'V'),
(41, 'FEED HORN PRODELIN WR137', 'B2WS010Q010T', '1', 'V'),
(42, 'FEEDHORN ANDERSEN 3,8', 'B2WS0100011W', '1', 'V'),
(43, 'FRONT PLANE BSM', 'B2WS020Y0203', '5', 'W'),
(44, 'HIMAX 331-BS ODU ( PN - HMS-0023310072 ) ( PN - HMS-0023310072 )', 'B2WS02A20105', '9', 'W'),
(45, 'HIMAX 331-BS-IDU ( PN - HMS-001310071 )', 'B2WS02A20108', '9', 'W'),
(46, 'HIMAX 331-SS V2 ( PN - HMS-0033310073 )', 'B2WS02A20103', '9', 'W'),
(47, 'LNA AMPLUS CBD N', 'B2WS038C0202', '1', 'V'),
(48, 'LNB,C-BAND LS EXTD BAND', 'B2WS0100010I', '1', 'V'),
(49, 'MODEM PD-10 IF PCMA, TPC, D/I, 8PSK', 'B2WS0200011E', '2', 'V'),
(50, 'MODEM PD-10 L-BAND PCMA, TPC, D/I, 8PSK', 'B2WS0200011F', '2', 'V'),
(51, 'MODEM SATELITE C-BAND HIGH RATE TPC (5 MBPS, TX/RX BNC,STANDARD MODULATION,8 PSK, 16 QAM,DROP & INSERT , HIGH RATE TPC)', 'B2WS0200020E', '2', 'V'),
(52, 'MP2000-104A-AC ROUTER MAIPU 1 WAN 10/100M INTERFACES ( PN - )', 'B2WN028U0105', '10', 'W'),
(53, 'MP801E ROUTER CHASSIS, 2-PORT 10/100M FASTETHERNET', 'B2WN028U0103', '10', 'W'),
(54, 'NOTEBOOK', 'B1LT00000006', '12', 'W'),
(55, 'NOTEBOOK INTEL CORE I3-330M', 'B1LT0000000N', '12', 'W'),
(56, 'ODU BUC 25 W FULL C - BAND ( PN - )', 'B2WS030N0119', '1', 'V'),
(57, 'ODU SIAE 13 GHZ, H ( PN - )', 'B2WS02730203', '11', 'V'),
(58, 'ODU SIAE AL PLUS2 HP 13 GHZ, H', 'B2WS02730206', '11', 'V'),
(59, 'ODU SIAE AL PLUS2 HP 13 GHZ, L', 'B2WS02730207', '11', 'V'),
(60, 'PARADISE DATACOMM PD10L ( PN -  )', 'B2WS028T0105', '2', 'V'),
(61, 'PSU FOR EVOLUTION X3 SATELITE ROUTER ( PN - )', 'B2WS02A70202', '3', 'W'),
(62, 'REMOTE HN7700S-IDU- C-BAND HUGHES', 'B2WS020O0114', '3', 'V'),
(63, 'REMOTE HX50-IDU- C-BAND HUGHES ( PN - )', 'B2WS020O0116', '3', 'V'),
(64, 'RF AMPLUS 40 WATT', 'B2WS038C0205', '1', 'V'),
(65, 'RF AMPLUS 60 WATT ( PN - AM-9443-5648-NARM )', 'B2WS038C0201', '1', 'V'),
(66, 'RF COMTECH EF DATA CSAT 10W FULL C-BAND ( PN - )', 'B2WS033Y010C', '2', 'V'),
(67, 'RF,ODU,TIGRIS,EXT-C 2W', 'B2WS030O0105', '1', 'V'),
(68, 'RFT 20W FULL C-BAND AMPLUS', 'B2WS038C020P', '2', 'V'),
(69, 'RFT CODAN 5700', 'B2WS030N010D', '2', 'V'),
(70, 'RFU-EXCB-TIG-2WL-F-C-BAND', 'B2WS030O0107', '1', 'V'),
(71, 'SAS, UNIVERSAL POWER SUPPLY 115/220 VAC', 'B2WS020Y0102', '6', 'W'),
(72, 'SDSL STAND ALONE MODEL SCORPIO 1400 (G.703) + SPLITTER', 'B2WN017S0107', '12', 'W'),
(73, 'SDSL STAND ALONE MODEL SCORPIO 1400 (V.35) + SPLITTER ( PN - ) ( PN - )', 'B2WN017S0108', '12', 'W'),
(74, 'SOLID STATE PWR AMP/SSPA CODAN 20 WATT', 'B2WS030N010K', '2', 'V'),
(75, 'SOLID STATE PWR AMP/SSPA CODAN 40 WATT', 'B2WS030N010M', '2', 'V'),
(76, 'SP5014 FXO DAN FXS VOIP GATEWAY (H323) ( PN - )', 'B2WN014I0106', '12', 'W'),
(77, 'TS-BU1300, 3.5/10.5GHZ, 110/220V, 1XETH, 1XV35/X21 ( PN - 400320 ) ( PN - 400320 )', 'B2WS023G0301', '7', 'W'),
(78, 'TS-RFU, 10.5GHZ, INTEGRATED VERTICAL/HORIZONTAL ANTENNA', 'B2WS01400201', '', ''),
(79, 'USO-REMOTE HX50-IDU- C-BAND HUGHES', 'USTLWSAJ0102', '3', 'V'),
(80, 'WS-SU-E510-5800-FCC-EMB/HSU 510 10M 5.XFCC EMB RADWIN', 'B2WS03910204', '12', 'W'),
(81, 'TDM MODEM CROCUS SHDSL TT RS530 230VAC', 'B2WN01300403', '12', 'W'),
(82, 'ONE200 WITH UPLINK ADSL 2+ (UPTO 2 MBPS)', 'B2WN013K0204', '12', 'W'),
(83, 'IF MUX 8R, 3.5 GHZ/10.5 GHZ, UP TO 8 BUS, REDUNDANT IF CONNECTION', 'B2WS023G0101', '12', 'W'),
(84, 'MIKROTIK ROUTER RB1100-IU ( PN - RB1100-1U )', 'B2WS028N0107', '10', 'W'),
(85, 'SOLID STATE POWER AMP (SSPA) CODAN 10 WATT', 'B2WS030N010I', '2', 'V'),
(86, 'SSPA CBD 120 W AMPLUS SINGLE PACKAGE', 'B2WS038C020M', '2', 'V'),
(87, '3RD PARTY GPON ONT WITH 4GE + 2 POTS ( PN - 178-80003 )', 'B2WN0100041X', '10', 'W'),
(88, 'MIKROTIK ROUTER RB 1100AH-X2 1U ( PN - RB 1100AHX2 )', 'B2WS028N010T', '10', 'W'),
(89, 'WS-BS-E200-5800-FCC-EXT/HBS 5200 200M 5.X FCC CON RADWIN', 'B2WS03910201', '12', 'W'),
(90, 'CPE SDH OPCOM 3105, 4E1-BL-SSI-AC ', 'B2WN0202010N', '12', 'W'),
(91, 'BUC C-BAND 10W AMPLUS SINGLE MINI PACKAGE', 'B2WS038C010E', '1', 'V'),
(92, 'BOOSTER RF 60 W AMPLUS', 'B2WS038C0203', '2', 'V'),
(93, 'RECTIFIER 220 VAC TO -48 VDC, 4A ( PN -  )', 'B3CD04000301', '1', 'V'),
(94, 'NETIRON CES 2024C 24 RJ45 PORTS OF 10/100/1000 MBPS ETHERNET', 'B2WN02A60104', '12', 'W'),
(95, 'CISCO 831 ETHERNET ROUTER', 'B2WN01310116', '10', 'W'),
(96, 'SP5018A VOIP FXS/FXO GATEWAY', 'B2WN014I010F', '12', 'W'),
(97, 'CISCO 805', 'B2WN01310305', '10', 'W'),
(98, 'CISCO 827-4V', 'B2WN02310405', '10', 'W'),
(99, 'LNA VSAT LINK', 'B2WS0100010H', '1', 'V'),
(100, 'MUXPRO 700AC-3E1/DATA/B/W2A', 'B2WN017R0109', '12', 'W'),
(101, 'MUXPRO 700AC-3E1/DATA/B/W2B (SINGLE FIBER LINK) ( PN -  )', 'B2WN017R0108', '12', 'W'),
(102, 'NETSYS 4-BAND VDSL CO  ( PN - NVF-200LS )', 'B2WN01A40103', '12', 'W'),
(103, 'NETSYS 4-BAND VDSL CPE', 'B2WN01A40104', '12', 'W'),
(104, 'ACR TRANSIENT PROTECTION BOX', 'B2WS038C020A', '12', 'W'),
(105, 'PSU FOR EVOLUTION X1 SATELITE ROUTER', 'B2WS02A70204', '3', 'W'),
(106, 'MODEM ADTRAN NETVANTA 832 EFM 2 PAIR', 'B2WN0150010D', '10', 'W'),
(107, 'LNB,C-BAND LS EXTD BAND', 'B2.CR205.', '1', 'V'),
(108, 'CATALYST 2960 24 10/100/1000, 4 T/SFP LAN BASE IMAGE', 'B2WN01310413', '12', 'W'),
(109, 'GPON INDOOR, SC/APC CLASS B+OPTIC I/F,4X100BASET,2XPOTS,VOIP', 'B2WN02VG0401', '10', 'W'),
(110, 'CISCO 1841 MODULAR ROUTER W/2XFE, 2 WAN SLOTS, 32 FL/128DR', 'B2WN01310416', '10', 'W'),
(111, 'CISCO 881-K9 ( PN - CISCO881-K9 )', 'B2WN0131042B', '10', 'W'),
(112, 'FEED HORN PRODELIN', 'B2.F3000.', '1', 'V'),
(113, 'COMTECH EF DATA CDM-550', 'B2WS02000106', '2', 'V'),
(114, 'SINGLE PACKAGE 0DU 100 W AMPLUS TRANCEIVER', 'B2WS038C020D', '', ''),
(115, '3RD PARTY GPON ONT WITH 4FE + 2 POTS', 'B2WN0100041W', '10', 'W'),
(116, 'CISCO 891 SECROTER', 'B2WN0131042O', '10', 'W'),
(117, 'CISCO 887 VDSL-ADSL OVER POTS MULTIMODE ROUTER ( PN - CISCO887VA', 'B2WN0131042P', '10', 'W'),
(118, 'MODEM NEXCOMM N564 FOUR PAIR (8W)', 'B2WN0100041F', '12', 'W'),
(119, 'TELEMETRI IP ( PN -  )', 'B3AU030R0103', '12', 'W'),
(120, 'MODEM CNC, 5MBPS, IF-BAND, TPC, D/I', 'B2WS0200011G', '12', 'W'),
(121, 'PARADISE DATACOMM PD10 ', 'B2WS028T0104', '2', 'V'),
(122, 'MODEM ADSL CO', 'B2WN01310402', '12', 'W'),
(123, 'ADSL ETHERNET & USB ALLIED TELESYN', 'B2WN016Z0101', '12', 'W'),
(124, 'FIBER DRIVER 100 MBPS TO ETHERNET JUMBO FRAME', 'B2WN0177010B', '12', 'W'),
(125, 'CISCO871-K9', 'B2WN0131041D', '10', 'W'),
(126, 'FIBER DRIVER ETH RAISECOM RC552-FE-S1 + RC001', 'B2WN0177010D', '10', 'W'),
(127, 'FIBER DRIVER ETH RAISECOM RC552-FE-SS13', 'B2WN0177010F', '10', 'W'),
(128, 'FIBER DRIVER ETH RAISECOM RC552-FE-SS15', 'B2WN0177010G', '10', 'W'),
(129, 'RAISECOM 1U, 1-SLOT CHASSIS, WITH ONE AC POWER SUPPLY CONNECTOR', 'B2WN01AH0204', '10', 'W'),
(130, 'COMTECH MODEM CDM-570L (5 MBPS, TX/RX N CONNECTOR, STANDARD MODU', 'B2WS023Y0106', '2', 'V'),
(131, 'GPON HGU ONU, 4XGBE, 2XPOTS, WI-FI,110/220V, EU PLUG', 'B2WN02VG0403', '10', 'W'),
(132, 'FEEDHORN SKYWARE WR 137', 'B2WS01VE0106', '1', 'V'),
(133, 'ODU TRANCEIVER 5 WATT C-BAND AMPLUS', 'B2WS0300020P', '1', 'V'),
(134, 'LNB NORSAT 3120N ( C-BAND CONNECTOR N ) ( PN -  )', 'B2WS034M0107', '1', 'V'),
(135, 'DC-POE DEVICE, WITH 20VDC-60VDC POWER RADWIN', 'B2WS03910203', '12', 'W'),
(136, 'ETHERNET SWITCH 8 PORTS', 'B2WS023G0106', '12', 'W'),
(137, 'COMTECH EF DATA MODEM CDM-600\r\n', 'B2.MC220.', '2', 'V'),
(138, 'IDU XPAND IP+E NERA', 'B2WS023A0103', '11', 'V'),
(139, 'IDU XPAND IP+WITH ETHERNET+16E1 NERA ( PN -  )', 'B2WS023A0105', '11', 'V'),
(140, 'IDU XPAND SDH+IP WITH 16E1 NERA', 'B2WS023A0106', '11', 'V'),
(141, 'FEEDHORN SKYWARE', 'B2WS01VE0103', '1', 'V'),
(142, 'SSPA CBD 100 W AMPLUS TRANCEIVER\r\n', 'B2WS038C020B', '2', 'V'),
(143, 'CISCO 677 SOHO / TEL ECOMMUTER ADSL ROUTER', 'B2.RC752.', '10', 'W'),
(144, 'CISCO 677 SOHO / TEL ECOMMUTER ADSL ROUTER', 'B2WN02310404', '10', 'W'),
(145, 'COMTECH EF DATA CDM-550', 'B2.MC210.', '2', 'V'),
(146, '', 'B2WN013K0104', '', ''),
(147, 'ONE200 WITH UPLINK ADSL, 1 PORT ETH, 1 PORT V.35', 'B2WN013K0201', '12', 'W'),
(148, 'ONE200XAVE/A', 'B2WN013K0202', '12', 'W'),
(149, 'ONE ACCESS G.SHDSL', 'B2WN013K0203', '10', 'W'),
(150, 'ODU-SP 13 GHZ LOW NERA  ( PN -)', 'B2WS033A0103', '11', 'V'),
(151, '10/100 MODULAR ROUTER W/3', 'B2.RC501.', '10', 'W'),
(152, 'COMTECH MODEM CDM-600 (5 MBPS, TX/RX BNC,STANDARD MODULATION,8 PSK, 16 QAM,DROP & INSERT , HIGH RATE TPC)', 'B2WS023Y0107', '2', 'V'),
(153, 'POE EXTENDER OUTREACH MAX', 'B2WN0100041L', '12', 'W'),
(154, 'COMTECH MODEM CDM-550 (2 MBPS, TX/RX BNC, STANDARD MODULATION, HIGH RATE TPC)', 'B2WS023Y0103', '2', 'V'),
(155, 'NORSAT LOW NOISE BLOCK (LNB) 3220, SERI 3000', 'B2WS034M0105', '1', 'V'),
(156, 'CISCO 831 ETHERNET ROUTER', 'B2.RC622.', '10', 'W'),
(157, 'FIBER DRIVER RAISECOM CARD', 'B2WN01AH010E', '10', 'W'),
(158, 'FIBER DRIVER RAISECOM CARD', 'B2WN01AH010F', '10', 'W'),
(159, 'RAISECOM MODULE GE WITH 1:1', 'B2WN01AH010H', '10', 'W'),
(160, 'BUC NJRC ( C BAND, 2 WATT, IN-N CONNECTOR, OUT WR137, BUC MOUNTING KIT FOR 2.4 M ANTENNA)', 'B2WS033I0103', '1', 'V'),
(161, 'MPLIK-REMOTE HX50-IDU- C-BAND HUGHES', 'B2MPLKVD0202', '3', 'V'),
(162, 'LNB NJRC (C BAND , N CONNECTOR)', 'B2WS033I0102', '1', 'V'),
(163, '10/100 MODULAR ROUTER W/3 SLOTS,IOS IP,16F/32D', 'B2WN0131030M', '10', 'W'),
(164, 'AK-ROUTER CISCO 1751-V', 'B2WN0231030N', '10', 'W'),
(165, '2 PORT SERIAL WAN INTERFACE CARD FOR CISCO 2600', 'B2WN0231010C', '10', 'W'),
(166, 'CATALYST CISCO 24 PORT', 'B2.C1758.', '10', 'W'),
(167, 'PIX 525 UNRESTRICTED BUNDLE', 'B2.RC451.', '12', 'W'),
(168, 'CISCO2801 ( PN - CISCO2801 )', 'B2WN0131041W', '10', 'W'),
(169, 'AK-ROUTER CISCO 1751-V', 'B2.RC475.', '10', 'W'),
(170, 'AK-ROUTER CISCO 1751', 'B2WN0231030B', '10', 'W'),
(171, 'CISCO CATALYST 3560 24 ETHERNET 10/100 PORTS AND 2 SMALL FORM-FACTOR PLUGGABLE (SFP) PORTS', 'B2WN01310411', '10', 'W'),
(172, 'GPON INDOOR ONT, SC/APC CLASS B+  OPTIC I/F, 4X1000BASET', 'B2WN02VG0402', '10', 'W'),
(173, 'PSU REMOTE 7000 SERIES -IDU- C-BAND HUGHES', 'B2WS020O0110', '3', 'V'),
(174, 'PSU VOIP APPLIANCES DW6040 HUGHES', 'B2WS020O010Y', '3', 'V'),
(175, 'PSU CODAN', 'B2WS030N0102', '2', 'V'),
(176, 'NORSAT LOW NOISE BLOCK (LNB) 3220, SERI 3000', 'B2.CV990.', '1', 'V'),
(177, 'LOW NOISE BLOCK (LNB) 3130N SERI 3000', 'B2WS034M0106', '1', 'V'),
(178, 'CISCO CATALYST WS-C2950-24', 'B2WN01310304', '10', 'W'),
(179, 'USO-PSU REMOTE 7000 SERIES -IDU- C-BAND HUGHES ', 'USTLWSAJ0103', '3', 'V'),
(180, 'PIX FOUR PORT 10/100 ETHERNET INTERFACE', 'B2WN0231010T', '12', 'W'),
(181, 'ROUTER MIKROTIK TYPE  RB 1000 U ( PN -  ) ( PN -  )', 'B2WS028N0101', '10', 'W'),
(182, 'ROUTERBOARD MIKROTIK', 'B2WS028N010B', '10', 'W'),
(183, 'MPLIK-PSU REMOTE 7000 SERIES -IDU- C-BAND HUGHES ', 'B2MPLKVD0203', '3', 'V'),
(184, 'INVERTER 1 KVA INTARI TYPE (+/- 48 VDC TO 220 VAC)', 'B3CD07000103', '12', 'W'),
(185, 'MIKROTIK RB951UI-2HND', 'B2WS028N0113', '10', 'W'),
(186, 'INVERTER 1KVA CBD (-48VDC TO 220VAC)', 'B3CD07000106', '12', 'W'),
(187, 'INVERTER ICA 3 KVA 48VDC', 'B3CD102D0102', '12', 'W'),
(188, 'RECTIFIER 220 VAC TO -48 VDC', 'B3CD04000201', '1', 'V'),
(189, 'CISCO 2911 W/3 GE,4 EHWIC,2DSP,1SM,256MB CF,512MB DRAM,IPB', 'B2WN0131042M', '10', 'W'),
(190, 'CDM 625L, 5MBPS, QPSK/8PSK/16QAM, TPC/LDPC, D&I, ETHERNET/G.703/V.35, 70/140 MHZ IF, 48 VDC BUC P/S', 'B2WS023Y010T', '2', 'V'),
(191, 'WMAX-CPE-IDU-1D', 'B2WS02BB0301', '9', 'W'),
(192, 'NERA EVO OUTDOOR 13 A266-0104LA', 'B2WS033A0106', '11', 'V'),
(193, 'CDM-570A-IP 512MBPS,QPSK/BPSK/OQPSK, VAC/48VDC, ETHERNET/G.703/V.35,70/140 MHZ, TX ROLL OFF, UPGR-CNC', 'B2WS023Y011J', '2', 'V'),
(194, 'CATALYST 3548 XL ENTERPRISE EDITION', 'B2WN02310301', '10', 'W'),
(195, 'POWER DSINE REDMAX/HIMAX SU-O;1 X ETH PORTS', 'B2WS029G0104', '9', 'W'),
(196, 'DC-POE 48VDC 100BASE-T/GBE RADWIN', 'B2WS0391020E', '12', 'W'),
(197, 'AC POE DEVICE POWER RADWIN', 'B2WS0391020H', '12', 'W'),
(198, 'RECTIFIER 220 VAC TO 48 VDC, 10A', 'B3CD0400030P', '1', 'V'),
(199, 'RF,ODU,TIGRIS,EXT-C 2W', 'B2.CR210.', '1', 'V');

-- --------------------------------------------------------

--
-- Table structure for table `repair`
--

CREATE TABLE IF NOT EXISTS `repair` (
  `id_repair` int(11) NOT NULL,
  `no_regis` char(17) NOT NULL,
  `nama` varchar(255) NOT NULL,
  `tanggal` date NOT NULL,
  `tanggal_kirim` date DEFAULT NULL,
  `analisa` varchar(255) NOT NULL,
  `parts` varchar(255) NOT NULL,
  `keterangan` varchar(255) NOT NULL,
  `id_user` varchar(255) NOT NULL
) ENGINE=InnoDB AUTO_INCREMENT=15 DEFAULT CHARSET=latin1;

--
-- Dumping data for table `repair`
--

INSERT INTO `repair` (`id_repair`, `no_regis`, `nama`, `tanggal`, `tanggal_kirim`, `analisa`, `parts`, `keterangan`, `id_user`) VALUES
(1, 'B2WS030O010700001', 'RFU-EXCB-TIG-2WL-F-C-BAND', '2017-06-21', '2017-06-21', 'Low Rx', 'Just trimpot,R100', 'BAIK', 'erika'),
(2, 'B2WS030O010700002', 'RFU-EXCB-TIG-2WL-F-C-BAND', '2017-06-21', '2017-06-21', 'Low Rx', 'Just trimpot,R100', 'BAIK', 'erika'),
(3, 'B2WS030O010700003', 'RFU-EXCB-TIG-2WL-F-C-BAND', '2017-06-21', '2017-06-21', 'Low Rx', 'Just trimpot,R100', 'Baik', 'erika'),
(4, 'B2WS030O010700004', 'RFU-EXCB-TIG-2WL-F-C-BAND', '2017-06-21', '2017-06-21', 'Low Rx', 'Just trimpot,R100', 'Baik', 'erika'),
(5, 'B2WS030O010700005', 'RFU-EXCB-TIG-2WL-F-C-BAND', '2017-06-21', '2017-06-21', 'Low Rx', 'Just Trimpot,R100', 'Baik', 'erika'),
(6, 'B2WS030O010700006', 'RFU-EXCB-TIG-2WL-F-C-BAND', '2017-06-21', '2017-06-21', 'Low Rx', 'Just trimpot,R100', 'Baik', 'erika'),
(7, 'B2WS030O010700009', 'RFU-EXCB-TIG-2WL-F-C-BAND', '2017-06-21', '2017-06-21', 'Low Tx', 'just trimpot,R100', 'baik', 'erika'),
(8, 'B2WS030O010700014', 'RFU-EXCB-TIG-2WL-F-C-BAND', '2017-06-21', '2017-06-21', 'low tx', 'just trimpot,R100', 'Baik', 'erika'),
(9, 'B2WS030O010700001', 'RFU-EXCB-TIG-2WL-F-C-BAND', '2017-06-21', '2017-06-21', 'low tx', 'just trimpot,R100', 'baik', 'erika'),
(10, 'B2WS030O010700005', 'RFU-EXCB-TIG-2WL-F-C-BAND', '2017-06-21', '2017-06-21', 'low tx', 'just trimpot,R100', 'baik', 'erika'),
(11, 'B2WS030O010700007', 'RFU-EXCB-TIG-2WL-F-C-BAND', '2017-06-21', '2017-06-21', 'low tx', 'just trimpot,R100', 'baik', 'erika'),
(12, 'B2WS030O010700009', 'RFU-EXCB-TIG-2WL-F-C-BAND', '2017-06-21', '2017-06-21', 'low tx', 'just trimpot,R100', 'baik', 'erika'),
(13, 'B2WS030O010700014', 'RFU-EXCB-TIG-2WL-F-C-BAND', '2017-06-21', '2017-06-21', 'low tx', 'just trimpot,R100', 'baik', 'erika'),
(14, 'B2WS030O010700004', 'RFU-EXCB-TIG-2WL-F-C-BAND', '2017-06-21', '2017-06-21', 'low tx', 'just trimpot,R100', 'baik', 'erika');

-- --------------------------------------------------------

--
-- Table structure for table `user`
--

CREATE TABLE IF NOT EXISTS `user` (
  `id_user` int(11) NOT NULL,
  `username` char(10) NOT NULL,
  `password` varchar(128) NOT NULL,
  `nama_user` varchar(100) NOT NULL,
  `posisi` enum('JuniorManager','Admin','PengujianVsat','PengujianWireless','Repair','SeniorEngineer') NOT NULL
) ENGINE=InnoDB AUTO_INCREMENT=22 DEFAULT CHARSET=latin1;

--
-- Dumping data for table `user`
--

INSERT INTO `user` (`id_user`, `username`, `password`, `nama_user`, `posisi`) VALUES
(1, 'rzz', '16121876bd8240e7d611840b7a005d0c', 'rizky fauzi', 'PengujianVsat'),
(2, 'agus', '16121876bd8240e7d611840b7a005d0c', 'Agus Triyono', 'SeniorEngineer'),
(3, 'erika', '16121876bd8240e7d611840b7a005d0c', 'Erika Sekar Sari', 'Repair'),
(4, 'siti', '16121876bd8240e7d611840b7a005d0c', 'Siti Rubiyatun', 'Admin'),
(5, 'sri', '16121876bd8240e7d611840b7a005d0c', 'Sri Haryono', 'JuniorManager'),
(6, 'nandya', '16121876bd8240e7d611840b7a005d0c', 'Afsendi Ahmad', 'PengujianWireless'),
(7, 'sekar', '16121876bd8240e7d611840b7a005d0c', 'sekar sari', 'Repair'),
(13, 'izza', '16121876bd8240e7d611840b7a005d0c', 'izzatin tujza', 'PengujianVsat'),
(14, 'inda', '16121876bd8240e7d611840b7a005d0c', 'Inda Izzatin', 'SeniorEngineer'),
(17, 'sendy', '16121876bd8240e7d611840b7a005d0c', 'sendy ahmad', 'PengujianWireless'),
(20, 'faisal', '16121876bd8240e7d611840b7a005d0c', 'faisa aziz', 'JuniorManager'),
(21, 'aij', '16121876bd8240e7d611840b7a005d0c', 'ahmad haidi', 'JuniorManager');

--
-- Indexes for dumped tables
--

--
-- Indexes for table `akses`
--
ALTER TABLE `akses`
  ADD PRIMARY KEY (`id_akses`);

--
-- Indexes for table `batch`
--
ALTER TABLE `batch`
  ADD PRIMARY KEY (`id_batch`);

--
-- Indexes for table `detail_kategori`
--
ALTER TABLE `detail_kategori`
  ADD PRIMARY KEY (`no`);

--
-- Indexes for table `draft`
--
ALTER TABLE `draft`
  ADD PRIMARY KEY (`no_draft`);

--
-- Indexes for table `info`
--
ALTER TABLE `info`
  ADD PRIMARY KEY (`no_info`);

--
-- Indexes for table `kategori`
--
ALTER TABLE `kategori`
  ADD PRIMARY KEY (`id_kat`);

--
-- Indexes for table `parameter`
--
ALTER TABLE `parameter`
  ADD PRIMARY KEY (`id_par`);

--
-- Indexes for table `pengujian`
--
ALTER TABLE `pengujian`
  ADD PRIMARY KEY (`no_uji`);

--
-- Indexes for table `perangkat`
--
ALTER TABLE `perangkat`
  ADD PRIMARY KEY (`id_perangkat`), ADD UNIQUE KEY `kodespek` (`kodespek`);

--
-- Indexes for table `repair`
--
ALTER TABLE `repair`
  ADD PRIMARY KEY (`id_repair`);

--
-- Indexes for table `user`
--
ALTER TABLE `user`
  ADD PRIMARY KEY (`id_user`), ADD UNIQUE KEY `username` (`username`);

--
-- AUTO_INCREMENT for dumped tables
--

--
-- AUTO_INCREMENT for table `akses`
--
ALTER TABLE `akses`
  MODIFY `id_akses` int(11) NOT NULL AUTO_INCREMENT;
--
-- AUTO_INCREMENT for table `batch`
--
ALTER TABLE `batch`
  MODIFY `id_batch` int(11) NOT NULL AUTO_INCREMENT,AUTO_INCREMENT=125;
--
-- AUTO_INCREMENT for table `detail_kategori`
--
ALTER TABLE `detail_kategori`
  MODIFY `no` int(11) NOT NULL AUTO_INCREMENT,AUTO_INCREMENT=328;
--
-- AUTO_INCREMENT for table `draft`
--
ALTER TABLE `draft`
  MODIFY `no_draft` int(11) NOT NULL AUTO_INCREMENT;
--
-- AUTO_INCREMENT for table `info`
--
ALTER TABLE `info`
  MODIFY `no_info` int(11) NOT NULL AUTO_INCREMENT,AUTO_INCREMENT=63;
--
-- AUTO_INCREMENT for table `kategori`
--
ALTER TABLE `kategori`
  MODIFY `id_kat` int(11) NOT NULL AUTO_INCREMENT,AUTO_INCREMENT=14;
--
-- AUTO_INCREMENT for table `parameter`
--
ALTER TABLE `parameter`
  MODIFY `id_par` int(11) NOT NULL AUTO_INCREMENT,AUTO_INCREMENT=31;
--
-- AUTO_INCREMENT for table `pengujian`
--
ALTER TABLE `pengujian`
  MODIFY `no_uji` int(11) NOT NULL AUTO_INCREMENT,AUTO_INCREMENT=408;
--
-- AUTO_INCREMENT for table `perangkat`
--
ALTER TABLE `perangkat`
  MODIFY `id_perangkat` int(11) NOT NULL AUTO_INCREMENT,AUTO_INCREMENT=200;
--
-- AUTO_INCREMENT for table `repair`
--
ALTER TABLE `repair`
  MODIFY `id_repair` int(11) NOT NULL AUTO_INCREMENT,AUTO_INCREMENT=15;
--
-- AUTO_INCREMENT for table `user`
--
ALTER TABLE `user`
  MODIFY `id_user` int(11) NOT NULL AUTO_INCREMENT,AUTO_INCREMENT=22;
/*!40101 SET CHARACTER_SET_CLIENT=@OLD_CHARACTER_SET_CLIENT */;
/*!40101 SET CHARACTER_SET_RESULTS=@OLD_CHARACTER_SET_RESULTS */;
/*!40101 SET COLLATION_CONNECTION=@OLD_COLLATION_CONNECTION */;
